use app;

SET NAMES utf8mb4;

/* language */
INSERT INTO language (id, name, code) VALUES (1, '한국어', 'ko');
INSERT INTO language (id, name, code) VALUES (2, '영어', 'en');
INSERT INTO language (id, name, code) VALUES (3, '일본어', 'ja');

/* tag */
INSERT INTO tag (id, language_id, name) VALUES (1, 1, '태그_1');
INSERT INTO tag (id, language_id, name) VALUES (2, 2, 'tag_1');
INSERT INTO tag (id, language_id, name) VALUES (3, 3, 'タグ_1');
INSERT INTO tag (id, language_id, name) VALUES (4, 1, '태그_2');
INSERT INTO tag (id, language_id, name) VALUES (5, 2, 'tag_2');
INSERT INTO tag (id, language_id, name) VALUES (6, 3, 'タグ_2');
INSERT INTO tag (id, language_id, name) VALUES (7, 1, '태그_3');
INSERT INTO tag (id, language_id, name) VALUES (8, 2, 'tag_3');
INSERT INTO tag (id, language_id, name) VALUES (9, 3, 'タグ_3');
INSERT INTO tag (id, language_id, name) VALUES (10, 1, '태그_4');
INSERT INTO tag (id, language_id, name) VALUES (11, 2, 'tag_4');
INSERT INTO tag (id, language_id, name) VALUES (12, 3, 'タグ_4');
INSERT INTO tag (id, language_id, name) VALUES (13, 1, '태그_5');
INSERT INTO tag (id, language_id, name) VALUES (14, 2, 'tag_5');
INSERT INTO tag (id, language_id, name) VALUES (15, 3, 'タグ_5');
INSERT INTO tag (id, language_id, name) VALUES (16, 1, '태그_6');
INSERT INTO tag (id, language_id, name) VALUES (17, 2, 'tag_6');
INSERT INTO tag (id, language_id, name) VALUES (18, 3, 'タグ_6');
INSERT INTO tag (id, language_id, name) VALUES (19, 1, '태그_7');
INSERT INTO tag (id, language_id, name) VALUES (20, 2, 'tag_7');
INSERT INTO tag (id, language_id, name) VALUES (21, 3, 'タグ_7');
INSERT INTO tag (id, language_id, name) VALUES (22, 1, '태그_8');
INSERT INTO tag (id, language_id, name) VALUES (23, 2, 'tag_8');
INSERT INTO tag (id, language_id, name) VALUES (24, 3, 'タグ_8');
INSERT INTO tag (id, language_id, name) VALUES (25, 1, '태그_9');
INSERT INTO tag (id, language_id, name) VALUES (26, 2, 'tag_9');
INSERT INTO tag (id, language_id, name) VALUES (27, 3, 'タグ_9');
INSERT INTO tag (id, language_id, name) VALUES (28, 1, '태그_10');
INSERT INTO tag (id, language_id, name) VALUES (29, 2, 'tag_10');
INSERT INTO tag (id, language_id, name) VALUES (30, 3, 'タグ_10');
INSERT INTO tag (id, language_id, name) VALUES (31, 1, '태그_11');
INSERT INTO tag (id, language_id, name) VALUES (32, 2, 'tag_11');
INSERT INTO tag (id, language_id, name) VALUES (33, 3, 'タグ_11');
INSERT INTO tag (id, language_id, name) VALUES (34, 1, '태그_12');
INSERT INTO tag (id, language_id, name) VALUES (35, 2, 'tag_12');
INSERT INTO tag (id, language_id, name) VALUES (36, 3, 'タグ_12');
INSERT INTO tag (id, language_id, name) VALUES (37, 1, '태그_13');
INSERT INTO tag (id, language_id, name) VALUES (38, 2, 'tag_13');
INSERT INTO tag (id, language_id, name) VALUES (39, 3, 'タグ_13');
INSERT INTO tag (id, language_id, name) VALUES (40, 1, '태그_14');
INSERT INTO tag (id, language_id, name) VALUES (41, 2, 'tag_14');
INSERT INTO tag (id, language_id, name) VALUES (42, 3, 'タグ_14');
INSERT INTO tag (id, language_id, name) VALUES (43, 1, '태그_15');
INSERT INTO tag (id, language_id, name) VALUES (44, 2, 'tag_15');
INSERT INTO tag (id, language_id, name) VALUES (45, 3, 'タグ_15');
INSERT INTO tag (id, language_id, name) VALUES (46, 1, '태그_16');
INSERT INTO tag (id, language_id, name) VALUES (47, 2, 'tag_16');
INSERT INTO tag (id, language_id, name) VALUES (48, 3, 'タグ_16');
INSERT INTO tag (id, language_id, name) VALUES (49, 1, '태그_17');
INSERT INTO tag (id, language_id, name) VALUES (50, 2, 'tag_17');
INSERT INTO tag (id, language_id, name) VALUES (51, 3, 'タグ_17');
INSERT INTO tag (id, language_id, name) VALUES (52, 1, '태그_18');
INSERT INTO tag (id, language_id, name) VALUES (53, 2, 'tag_18');
INSERT INTO tag (id, language_id, name) VALUES (54, 3, 'タグ_18');
INSERT INTO tag (id, language_id, name) VALUES (55, 1, '태그_19');
INSERT INTO tag (id, language_id, name) VALUES (56, 2, 'tag_19');
INSERT INTO tag (id, language_id, name) VALUES (57, 3, 'タグ_19');
INSERT INTO tag (id, language_id, name) VALUES (58, 1, '태그_20');
INSERT INTO tag (id, language_id, name) VALUES (59, 2, 'tag_20');
INSERT INTO tag (id, language_id, name) VALUES (60, 3, 'タグ_20');
INSERT INTO tag (id, language_id, name) VALUES (61, 1, '태그_21');
INSERT INTO tag (id, language_id, name) VALUES (62, 2, 'tag_21');
INSERT INTO tag (id, language_id, name) VALUES (63, 3, 'タグ_21');
INSERT INTO tag (id, language_id, name) VALUES (64, 1, '태그_22');
INSERT INTO tag (id, language_id, name) VALUES (65, 2, 'tag_22');
INSERT INTO tag (id, language_id, name) VALUES (66, 3, 'タグ_22');
INSERT INTO tag (id, language_id, name) VALUES (67, 1, '태그_23');
INSERT INTO tag (id, language_id, name) VALUES (68, 2, 'tag_23');
INSERT INTO tag (id, language_id, name) VALUES (69, 3, 'タグ_23');
INSERT INTO tag (id, language_id, name) VALUES (70, 1, '태그_24');
INSERT INTO tag (id, language_id, name) VALUES (71, 2, 'tag_24');
INSERT INTO tag (id, language_id, name) VALUES (72, 3, 'タグ_24');
INSERT INTO tag (id, language_id, name) VALUES (73, 1, '태그_25');
INSERT INTO tag (id, language_id, name) VALUES (74, 2, 'tag_25');
INSERT INTO tag (id, language_id, name) VALUES (75, 3, 'タグ_25');
INSERT INTO tag (id, language_id, name) VALUES (76, 1, '태그_26');
INSERT INTO tag (id, language_id, name) VALUES (77, 2, 'tag_26');
INSERT INTO tag (id, language_id, name) VALUES (78, 3, 'タグ_26');
INSERT INTO tag (id, language_id, name) VALUES (79, 1, '태그_27');
INSERT INTO tag (id, language_id, name) VALUES (80, 2, 'tag_27');
INSERT INTO tag (id, language_id, name) VALUES (81, 3, 'タグ_27');
INSERT INTO tag (id, language_id, name) VALUES (82, 1, '태그_28');
INSERT INTO tag (id, language_id, name) VALUES (83, 2, 'tag_28');
INSERT INTO tag (id, language_id, name) VALUES (84, 3, 'タグ_28');
INSERT INTO tag (id, language_id, name) VALUES (85, 1, '태그_29');
INSERT INTO tag (id, language_id, name) VALUES (86, 2, 'tag_29');
INSERT INTO tag (id, language_id, name) VALUES (87, 3, 'タグ_29');
INSERT INTO tag (id, language_id, name) VALUES (88, 1, '태그_30');
INSERT INTO tag (id, language_id, name) VALUES (89, 2, 'tag_30');
INSERT INTO tag (id, language_id, name) VALUES (90, 3, 'タグ_30');

/* company, company_name, company_tag */
INSERT INTO company (id) VALUES (1);
INSERT INTO company_name (company_id, language_id, name) VALUES (1, 1, '원티드랩');
INSERT INTO company_name (company_id, language_id, name) VALUES (1, 2, 'Wantedlab');
INSERT INTO company_tag (company_id, tag_id) VALUES (1, 10), (1, 11), (1, 12);
INSERT INTO company_tag (company_id, tag_id) VALUES (1, 58), (1, 59), (1, 60);
INSERT INTO company_tag (company_id, tag_id) VALUES (1, 46), (1, 47), (1, 48);
INSERT INTO company (id) VALUES (2);
INSERT INTO company_name (company_id, language_id, name) VALUES (2, 2, 'OKAY.com');
INSERT INTO company_tag (company_id, tag_id) VALUES (2, 70), (2, 71), (2, 72);
INSERT INTO company_tag (company_id, tag_id) VALUES (2, 79), (2, 80), (2, 81);
INSERT INTO company_tag (company_id, tag_id) VALUES (2, 10), (2, 11), (2, 12);
INSERT INTO company (id) VALUES (3);
INSERT INTO company_name (company_id, language_id, name) VALUES (3, 1, '이상한마케팅');
INSERT INTO company_tag (company_id, tag_id) VALUES (3, 73), (3, 74), (3, 75);
INSERT INTO company_tag (company_id, tag_id) VALUES (3, 16), (3, 17), (3, 18);
INSERT INTO company_tag (company_id, tag_id) VALUES (3, 40), (3, 41), (3, 42);
INSERT INTO company_tag (company_id, tag_id) VALUES (3, 25), (3, 26), (3, 27);
INSERT INTO company (id) VALUES (4);
INSERT INTO company_name (company_id, language_id, name) VALUES (4, 1, '인포뱅크');
INSERT INTO company_name (company_id, language_id, name) VALUES (4, 2, 'infobank');
INSERT INTO company_tag (company_id, tag_id) VALUES (4, 73), (4, 74), (4, 75);
INSERT INTO company (id) VALUES (5);
INSERT INTO company_name (company_id, language_id, name) VALUES (5, 1, '아이씨그룹');
INSERT INTO company_tag (company_id, tag_id) VALUES (5, 1), (5, 2), (5, 3);
INSERT INTO company_tag (company_id, tag_id) VALUES (5, 67), (5, 68), (5, 69);
INSERT INTO company_tag (company_id, tag_id) VALUES (5, 82), (5, 83), (5, 84);
INSERT INTO company_tag (company_id, tag_id) VALUES (5, 40), (5, 41), (5, 42);
INSERT INTO company (id) VALUES (6);
INSERT INTO company_name (company_id, language_id, name) VALUES (6, 1, '딤딤섬 대구점');
INSERT INTO company_tag (company_id, tag_id) VALUES (6, 64), (6, 65), (6, 66);
INSERT INTO company_tag (company_id, tag_id) VALUES (6, 85), (6, 86), (6, 87);
INSERT INTO company_tag (company_id, tag_id) VALUES (6, 4), (6, 5), (6, 6);
INSERT INTO company_tag (company_id, tag_id) VALUES (6, 37), (6, 38), (6, 39);
INSERT INTO company (id) VALUES (7);
INSERT INTO company_name (company_id, language_id, name) VALUES (7, 1, '파운데이션엑스');
INSERT INTO company_tag (company_id, tag_id) VALUES (7, 22), (7, 23), (7, 24);
INSERT INTO company (id) VALUES (8);
INSERT INTO company_name (company_id, language_id, name) VALUES (8, 1, '엣지랭크');
INSERT INTO company_tag (company_id, tag_id) VALUES (8, 13), (8, 14), (8, 15);
INSERT INTO company_tag (company_id, tag_id) VALUES (8, 31), (8, 32), (8, 33);
INSERT INTO company_tag (company_id, tag_id) VALUES (8, 76), (8, 77), (8, 78);
INSERT INTO company_tag (company_id, tag_id) VALUES (8, 1), (8, 2), (8, 3);
INSERT INTO company (id) VALUES (9);
INSERT INTO company_name (company_id, language_id, name) VALUES (9, 1, '커넥티어');
INSERT INTO company_tag (company_id, tag_id) VALUES (9, 31), (9, 32), (9, 33);
INSERT INTO company_tag (company_id, tag_id) VALUES (9, 61), (9, 62), (9, 63);
INSERT INTO company (id) VALUES (10);
INSERT INTO company_name (company_id, language_id, name) VALUES (10, 1, '자버(Jober)');
INSERT INTO company_tag (company_id, tag_id) VALUES (10, 4), (10, 5), (10, 6);
INSERT INTO company_tag (company_id, tag_id) VALUES (10, 46), (10, 47), (10, 48);
INSERT INTO company (id) VALUES (11);
INSERT INTO company_name (company_id, language_id, name) VALUES (11, 1, '앨리스헬스케어');
INSERT INTO company_tag (company_id, tag_id) VALUES (11, 37), (11, 38), (11, 39);
INSERT INTO company_tag (company_id, tag_id) VALUES (11, 13), (11, 14), (11, 15);
INSERT INTO company_tag (company_id, tag_id) VALUES (11, 34), (11, 35), (11, 36);
INSERT INTO company (id) VALUES (12);
INSERT INTO company_name (company_id, language_id, name) VALUES (12, 1, '(주)몬스터스튜디오');
INSERT INTO company_tag (company_id, tag_id) VALUES (12, 55), (12, 56), (12, 57);
INSERT INTO company (id) VALUES (13);
INSERT INTO company_name (company_id, language_id, name) VALUES (13, 1, 'SM Entertainment Japan');
INSERT INTO company_name (company_id, language_id, name) VALUES (13, 3, '株式会社SM Entertainment Japan');
INSERT INTO company_tag (company_id, tag_id) VALUES (13, 67), (13, 68), (13, 69);
INSERT INTO company_tag (company_id, tag_id) VALUES (13, 31), (13, 32), (13, 33);
INSERT INTO company_tag (company_id, tag_id) VALUES (13, 43), (13, 44), (13, 45);
INSERT INTO company (id) VALUES (14);
INSERT INTO company_name (company_id, language_id, name) VALUES (14, 1, '쿠차');
INSERT INTO company_tag (company_id, tag_id) VALUES (14, 79), (14, 80), (14, 81);
INSERT INTO company_tag (company_id, tag_id) VALUES (14, 13), (14, 14), (14, 15);
INSERT INTO company_tag (company_id, tag_id) VALUES (14, 76), (14, 77), (14, 78);
INSERT INTO company (id) VALUES (15);
INSERT INTO company_name (company_id, language_id, name) VALUES (15, 1, 'ZMP');
INSERT INTO company_name (company_id, language_id, name) VALUES (15, 3, '株式会社ZMP');
INSERT INTO company_tag (company_id, tag_id) VALUES (15, 28), (15, 29), (15, 30);
INSERT INTO company_tag (company_id, tag_id) VALUES (15, 4), (15, 5), (15, 6);
INSERT INTO company_tag (company_id, tag_id) VALUES (15, 61), (15, 62), (15, 63);
INSERT INTO company_tag (company_id, tag_id) VALUES (15, 70), (15, 71), (15, 72);
INSERT INTO company (id) VALUES (16);
INSERT INTO company_name (company_id, language_id, name) VALUES (16, 1, '몽키랩');
INSERT INTO company_tag (company_id, tag_id) VALUES (16, 19), (16, 20), (16, 21);
INSERT INTO company_tag (company_id, tag_id) VALUES (16, 67), (16, 68), (16, 69);
INSERT INTO company_tag (company_id, tag_id) VALUES (16, 82), (16, 83), (16, 84);
INSERT INTO company (id) VALUES (17);
INSERT INTO company_name (company_id, language_id, name) VALUES (17, 1, '와이케이비앤씨');
INSERT INTO company_tag (company_id, tag_id) VALUES (17, 40), (17, 41), (17, 42);
INSERT INTO company_tag (company_id, tag_id) VALUES (17, 85), (17, 86), (17, 87);
INSERT INTO company_tag (company_id, tag_id) VALUES (17, 16), (17, 17), (17, 18);
INSERT INTO company (id) VALUES (18);
INSERT INTO company_name (company_id, language_id, name) VALUES (18, 1, '코츠테크놀로지');
INSERT INTO company_tag (company_id, tag_id) VALUES (18, 34), (18, 35), (18, 36);
INSERT INTO company_tag (company_id, tag_id) VALUES (18, 4), (18, 5), (18, 6);
INSERT INTO company (id) VALUES (19);
INSERT INTO company_name (company_id, language_id, name) VALUES (19, 1, '비고라이브');
INSERT INTO company_tag (company_id, tag_id) VALUES (19, 37), (19, 38), (19, 39);
INSERT INTO company_tag (company_id, tag_id) VALUES (19, 55), (19, 56), (19, 57);
INSERT INTO company (id) VALUES (20);
INSERT INTO company_name (company_id, language_id, name) VALUES (20, 1, '크로싱');
INSERT INTO company_tag (company_id, tag_id) VALUES (20, 61), (20, 62), (20, 63);
INSERT INTO company_tag (company_id, tag_id) VALUES (20, 88), (20, 89), (20, 90);
INSERT INTO company_tag (company_id, tag_id) VALUES (20, 34), (20, 35), (20, 36);
INSERT INTO company_tag (company_id, tag_id) VALUES (20, 82), (20, 83), (20, 84);
INSERT INTO company (id) VALUES (21);
INSERT INTO company_name (company_id, language_id, name) VALUES (21, 1, '트리노드');
INSERT INTO company_tag (company_id, tag_id) VALUES (21, 19), (21, 20), (21, 21);
INSERT INTO company_tag (company_id, tag_id) VALUES (21, 55), (21, 56), (21, 57);
INSERT INTO company_tag (company_id, tag_id) VALUES (21, 34), (21, 35), (21, 36);
INSERT INTO company_tag (company_id, tag_id) VALUES (21, 49), (21, 50), (21, 51);
INSERT INTO company (id) VALUES (22);
INSERT INTO company_name (company_id, language_id, name) VALUES (22, 1, '와이즈키즈(wisekids)');
INSERT INTO company_tag (company_id, tag_id) VALUES (22, 1), (22, 2), (22, 3);
INSERT INTO company_tag (company_id, tag_id) VALUES (22, 25), (22, 26), (22, 27);
INSERT INTO company_tag (company_id, tag_id) VALUES (22, 49), (22, 50), (22, 51);
INSERT INTO company_tag (company_id, tag_id) VALUES (22, 40), (22, 41), (22, 42);
INSERT INTO company (id) VALUES (23);
INSERT INTO company_name (company_id, language_id, name) VALUES (23, 1, 'Obelab');
INSERT INTO company_tag (company_id, tag_id) VALUES (23, 16), (23, 17), (23, 18);
INSERT INTO company (id) VALUES (24);
INSERT INTO company_name (company_id, language_id, name) VALUES (24, 2, 'Foodpanda');
INSERT INTO company_tag (company_id, tag_id) VALUES (24, 76), (24, 77), (24, 78);
INSERT INTO company (id) VALUES (25);
INSERT INTO company_name (company_id, language_id, name) VALUES (25, 1, '웹티즌');
INSERT INTO company_tag (company_id, tag_id) VALUES (25, 82), (25, 83), (25, 84);
INSERT INTO company_tag (company_id, tag_id) VALUES (25, 73), (25, 74), (25, 75);
INSERT INTO company_tag (company_id, tag_id) VALUES (25, 19), (25, 20), (25, 21);
INSERT INTO company_tag (company_id, tag_id) VALUES (25, 37), (25, 38), (25, 39);
INSERT INTO company (id) VALUES (26);
INSERT INTO company_name (company_id, language_id, name) VALUES (26, 1, '마이셀럽스');
INSERT INTO company_tag (company_id, tag_id) VALUES (26, 4), (26, 5), (26, 6);
INSERT INTO company_tag (company_id, tag_id) VALUES (26, 22), (26, 23), (26, 24);
INSERT INTO company_tag (company_id, tag_id) VALUES (26, 64), (26, 65), (26, 66);
INSERT INTO company_tag (company_id, tag_id) VALUES (26, 79), (26, 80), (26, 81);
INSERT INTO company (id) VALUES (27);
INSERT INTO company_name (company_id, language_id, name) VALUES (27, 1, '데이터얼라이언스(DataAlliance)');
INSERT INTO company_tag (company_id, tag_id) VALUES (27, 79), (27, 80), (27, 81);
INSERT INTO company_tag (company_id, tag_id) VALUES (27, 16), (27, 17), (27, 18);
INSERT INTO company_tag (company_id, tag_id) VALUES (27, 31), (27, 32), (27, 33);
INSERT INTO company (id) VALUES (28);
INSERT INTO company_name (company_id, language_id, name) VALUES (28, 1, '쿼드자산운용');
INSERT INTO company_name (company_id, language_id, name) VALUES (28, 2, '쿼드자산운용');
INSERT INTO company_tag (company_id, tag_id) VALUES (28, 70), (28, 71), (28, 72);
INSERT INTO company_tag (company_id, tag_id) VALUES (28, 67), (28, 68), (28, 69);
INSERT INTO company_tag (company_id, tag_id) VALUES (28, 76), (28, 77), (28, 78);
INSERT INTO company_tag (company_id, tag_id) VALUES (28, 85), (28, 86), (28, 87);
INSERT INTO company (id) VALUES (29);
INSERT INTO company_name (company_id, language_id, name) VALUES (29, 1, '주식회사 링크드코리아');
INSERT INTO company_tag (company_id, tag_id) VALUES (29, 34), (29, 35), (29, 36);
INSERT INTO company_tag (company_id, tag_id) VALUES (29, 16), (29, 17), (29, 18);
INSERT INTO company_tag (company_id, tag_id) VALUES (29, 22), (29, 23), (29, 24);
INSERT INTO company (id) VALUES (30);
INSERT INTO company_name (company_id, language_id, name) VALUES (30, 1, '주렁주렁(zoolungzoolung)');
INSERT INTO company_tag (company_id, tag_id) VALUES (30, 88), (30, 89), (30, 90);
INSERT INTO company_tag (company_id, tag_id) VALUES (30, 49), (30, 50), (30, 51);
INSERT INTO company_tag (company_id, tag_id) VALUES (30, 52), (30, 53), (30, 54);
INSERT INTO company (id) VALUES (31);
INSERT INTO company_name (company_id, language_id, name) VALUES (31, 2, 'Amore Pacific_TEST');
INSERT INTO company_tag (company_id, tag_id) VALUES (31, 49), (31, 50), (31, 51);
INSERT INTO company_tag (company_id, tag_id) VALUES (31, 79), (31, 80), (31, 81);
INSERT INTO company_tag (company_id, tag_id) VALUES (31, 82), (31, 83), (31, 84);
INSERT INTO company_tag (company_id, tag_id) VALUES (31, 16), (31, 17), (31, 18);
INSERT INTO company (id) VALUES (32);
INSERT INTO company_name (company_id, language_id, name) VALUES (32, 2, 'Luna Marketing Group');
INSERT INTO company_tag (company_id, tag_id) VALUES (32, 4), (32, 5), (32, 6);
INSERT INTO company_tag (company_id, tag_id) VALUES (32, 52), (32, 53), (32, 54);
INSERT INTO company (id) VALUES (33);
INSERT INTO company_name (company_id, language_id, name) VALUES (33, 1, '동신항운');
INSERT INTO company_tag (company_id, tag_id) VALUES (33, 76), (33, 77), (33, 78);
INSERT INTO company (id) VALUES (34);
INSERT INTO company_name (company_id, language_id, name) VALUES (34, 1, '히숲');
INSERT INTO company_tag (company_id, tag_id) VALUES (34, 31), (34, 32), (34, 33);
INSERT INTO company_tag (company_id, tag_id) VALUES (34, 49), (34, 50), (34, 51);
INSERT INTO company_tag (company_id, tag_id) VALUES (34, 19), (34, 20), (34, 21);
INSERT INTO company_tag (company_id, tag_id) VALUES (34, 40), (34, 41), (34, 42);
INSERT INTO company (id) VALUES (35);
INSERT INTO company_name (company_id, language_id, name) VALUES (35, 1, 'COVENANT');
INSERT INTO company_name (company_id, language_id, name) VALUES (35, 2, 'COVENANT');
INSERT INTO company_tag (company_id, tag_id) VALUES (35, 28), (35, 29), (35, 30);
INSERT INTO company_tag (company_id, tag_id) VALUES (35, 7), (35, 8), (35, 9);
INSERT INTO company (id) VALUES (36);
INSERT INTO company_name (company_id, language_id, name) VALUES (36, 1, '젠틀파이');
INSERT INTO company_tag (company_id, tag_id) VALUES (36, 52), (36, 53), (36, 54);
INSERT INTO company_tag (company_id, tag_id) VALUES (36, 49), (36, 50), (36, 51);
INSERT INTO company_tag (company_id, tag_id) VALUES (36, 10), (36, 11), (36, 12);
INSERT INTO company_tag (company_id, tag_id) VALUES (36, 40), (36, 41), (36, 42);
INSERT INTO company (id) VALUES (37);
INSERT INTO company_name (company_id, language_id, name) VALUES (37, 1, '아크로고스');
INSERT INTO company_tag (company_id, tag_id) VALUES (37, 43), (37, 44), (37, 45);
INSERT INTO company_tag (company_id, tag_id) VALUES (37, 85), (37, 86), (37, 87);
INSERT INTO company_tag (company_id, tag_id) VALUES (37, 79), (37, 80), (37, 81);
INSERT INTO company (id) VALUES (38);
INSERT INTO company_name (company_id, language_id, name) VALUES (38, 1, '페르소나미디어');
INSERT INTO company_name (company_id, language_id, name) VALUES (38, 2, 'Persona Media');
INSERT INTO company_tag (company_id, tag_id) VALUES (38, 76), (38, 77), (38, 78);
INSERT INTO company_tag (company_id, tag_id) VALUES (38, 37), (38, 38), (38, 39);
INSERT INTO company (id) VALUES (39);
INSERT INTO company_name (company_id, language_id, name) VALUES (39, 2, 'Rejoice Pregnancy');
INSERT INTO company_tag (company_id, tag_id) VALUES (39, 64), (39, 65), (39, 66);
INSERT INTO company_tag (company_id, tag_id) VALUES (39, 88), (39, 89), (39, 90);
INSERT INTO company_tag (company_id, tag_id) VALUES (39, 19), (39, 20), (39, 21);
INSERT INTO company_tag (company_id, tag_id) VALUES (39, 10), (39, 11), (39, 12);
INSERT INTO company (id) VALUES (40);
INSERT INTO company_name (company_id, language_id, name) VALUES (40, 2, 'The Wave');
INSERT INTO company_tag (company_id, tag_id) VALUES (40, 7), (40, 8), (40, 9);
INSERT INTO company (id) VALUES (41);
INSERT INTO company_name (company_id, language_id, name) VALUES (41, 2, 'CoCoon Foundation');
INSERT INTO company_tag (company_id, tag_id) VALUES (41, 76), (41, 77), (41, 78);
INSERT INTO company (id) VALUES (42);
INSERT INTO company_name (company_id, language_id, name) VALUES (42, 1, '스트라다월드와이드(Strada)');
INSERT INTO company_tag (company_id, tag_id) VALUES (42, 25), (42, 26), (42, 27);
INSERT INTO company_tag (company_id, tag_id) VALUES (42, 40), (42, 41), (42, 42);
INSERT INTO company_tag (company_id, tag_id) VALUES (42, 31), (42, 32), (42, 33);
INSERT INTO company_tag (company_id, tag_id) VALUES (42, 37), (42, 38), (42, 39);
INSERT INTO company (id) VALUES (43);
INSERT INTO company_name (company_id, language_id, name) VALUES (43, 1, '도빗(Dobbit)');
INSERT INTO company_tag (company_id, tag_id) VALUES (43, 85), (43, 86), (43, 87);
INSERT INTO company_tag (company_id, tag_id) VALUES (43, 52), (43, 53), (43, 54);
INSERT INTO company_tag (company_id, tag_id) VALUES (43, 61), (43, 62), (43, 63);
INSERT INTO company (id) VALUES (44);
INSERT INTO company_name (company_id, language_id, name) VALUES (44, 1, '지란지교시큐리티');
INSERT INTO company_tag (company_id, tag_id) VALUES (44, 76), (44, 77), (44, 78);
INSERT INTO company_tag (company_id, tag_id) VALUES (44, 70), (44, 71), (44, 72);
INSERT INTO company_tag (company_id, tag_id) VALUES (44, 28), (44, 29), (44, 30);
INSERT INTO company_tag (company_id, tag_id) VALUES (44, 79), (44, 80), (44, 81);
INSERT INTO company (id) VALUES (45);
INSERT INTO company_name (company_id, language_id, name) VALUES (45, 1, '캠퍼스멘토');
INSERT INTO company_tag (company_id, tag_id) VALUES (45, 85), (45, 86), (45, 87);
INSERT INTO company (id) VALUES (46);
INSERT INTO company_name (company_id, language_id, name) VALUES (46, 1, '삼일제약');
INSERT INTO company_tag (company_id, tag_id) VALUES (46, 4), (46, 5), (46, 6);
INSERT INTO company_tag (company_id, tag_id) VALUES (46, 64), (46, 65), (46, 66);
INSERT INTO company (id) VALUES (47);
INSERT INTO company_name (company_id, language_id, name) VALUES (47, 1, '제이에이치개발');
INSERT INTO company_tag (company_id, tag_id) VALUES (47, 79), (47, 80), (47, 81);
INSERT INTO company_tag (company_id, tag_id) VALUES (47, 73), (47, 74), (47, 75);
INSERT INTO company_tag (company_id, tag_id) VALUES (47, 16), (47, 17), (47, 18);
INSERT INTO company_tag (company_id, tag_id) VALUES (47, 40), (47, 41), (47, 42);
INSERT INTO company (id) VALUES (48);
INSERT INTO company_name (company_id, language_id, name) VALUES (48, 1, '오케이코인코리아');
INSERT INTO company_tag (company_id, tag_id) VALUES (48, 7), (48, 8), (48, 9);
INSERT INTO company_tag (company_id, tag_id) VALUES (48, 73), (48, 74), (48, 75);
INSERT INTO company (id) VALUES (49);
INSERT INTO company_name (company_id, language_id, name) VALUES (49, 1, '그릿연구소');
INSERT INTO company_tag (company_id, tag_id) VALUES (49, 73), (49, 74), (49, 75);
INSERT INTO company (id) VALUES (50);
INSERT INTO company_name (company_id, language_id, name) VALUES (50, 1, '세계정부 世界政府');
INSERT INTO company_tag (company_id, tag_id) VALUES (50, 43), (50, 44), (50, 45);
INSERT INTO company_tag (company_id, tag_id) VALUES (50, 55), (50, 56), (50, 57);
INSERT INTO company_tag (company_id, tag_id) VALUES (50, 31), (50, 32), (50, 33);
INSERT INTO company (id) VALUES (51);
INSERT INTO company_name (company_id, language_id, name) VALUES (51, 1, '투게더앱스');
INSERT INTO company_tag (company_id, tag_id) VALUES (51, 64), (51, 65), (51, 66);
INSERT INTO company_tag (company_id, tag_id) VALUES (51, 28), (51, 29), (51, 30);
INSERT INTO company_tag (company_id, tag_id) VALUES (51, 10), (51, 11), (51, 12);
INSERT INTO company_tag (company_id, tag_id) VALUES (51, 82), (51, 83), (51, 84);
INSERT INTO company (id) VALUES (52);
INSERT INTO company_name (company_id, language_id, name) VALUES (52, 1, 'Dream Agility');
INSERT INTO company_name (company_id, language_id, name) VALUES (52, 2, 'Dream Agility');
INSERT INTO company_tag (company_id, tag_id) VALUES (52, 55), (52, 56), (52, 57);
INSERT INTO company (id) VALUES (53);
INSERT INTO company_name (company_id, language_id, name) VALUES (53, 1, '대성시스템');
INSERT INTO company_tag (company_id, tag_id) VALUES (53, 4), (53, 5), (53, 6);
INSERT INTO company_tag (company_id, tag_id) VALUES (53, 55), (53, 56), (53, 57);
INSERT INTO company (id) VALUES (54);
INSERT INTO company_name (company_id, language_id, name) VALUES (54, 1, '바이럴네이션');
INSERT INTO company_tag (company_id, tag_id) VALUES (54, 22), (54, 23), (54, 24);
INSERT INTO company_tag (company_id, tag_id) VALUES (54, 16), (54, 17), (54, 18);
INSERT INTO company_tag (company_id, tag_id) VALUES (54, 58), (54, 59), (54, 60);
INSERT INTO company_tag (company_id, tag_id) VALUES (54, 76), (54, 77), (54, 78);
INSERT INTO company (id) VALUES (55);
INSERT INTO company_name (company_id, language_id, name) VALUES (55, 1, '오가나셀');
INSERT INTO company_tag (company_id, tag_id) VALUES (55, 31), (55, 32), (55, 33);
INSERT INTO company_tag (company_id, tag_id) VALUES (55, 1), (55, 2), (55, 3);
INSERT INTO company (id) VALUES (56);
INSERT INTO company_name (company_id, language_id, name) VALUES (56, 1, '디토나인');
INSERT INTO company_tag (company_id, tag_id) VALUES (56, 73), (56, 74), (56, 75);
INSERT INTO company_tag (company_id, tag_id) VALUES (56, 85), (56, 86), (56, 87);
INSERT INTO company_tag (company_id, tag_id) VALUES (56, 40), (56, 41), (56, 42);
INSERT INTO company (id) VALUES (57);
INSERT INTO company_name (company_id, language_id, name) VALUES (57, 2, 'Haulio');
INSERT INTO company_tag (company_id, tag_id) VALUES (57, 7), (57, 8), (57, 9);
INSERT INTO company (id) VALUES (58);
INSERT INTO company_name (company_id, language_id, name) VALUES (58, 1, '대상홀딩스(주) - existing');
INSERT INTO company_tag (company_id, tag_id) VALUES (58, 67), (58, 68), (58, 69);
INSERT INTO company (id) VALUES (59);
INSERT INTO company_name (company_id, language_id, name) VALUES (59, 1, '만나씨이에이');
INSERT INTO company_tag (company_id, tag_id) VALUES (59, 43), (59, 44), (59, 45);
INSERT INTO company (id) VALUES (60);
INSERT INTO company_name (company_id, language_id, name) VALUES (60, 1, '지오코리아(페루관광청)');
INSERT INTO company_name (company_id, language_id, name) VALUES (60, 2, 'GEOCM Co.');
INSERT INTO company_name (company_id, language_id, name) VALUES (60, 3, 'GEOCM');
INSERT INTO company_tag (company_id, tag_id) VALUES (60, 82), (60, 83), (60, 84);
INSERT INTO company_tag (company_id, tag_id) VALUES (60, 49), (60, 50), (60, 51);
INSERT INTO company (id) VALUES (61);
INSERT INTO company_name (company_id, language_id, name) VALUES (61, 1, 'KFC Korea');
INSERT INTO company_tag (company_id, tag_id) VALUES (61, 49), (61, 50), (61, 51);
INSERT INTO company_tag (company_id, tag_id) VALUES (61, 55), (61, 56), (61, 57);
INSERT INTO company (id) VALUES (62);
INSERT INTO company_name (company_id, language_id, name) VALUES (62, 1, '까브드뱅(Cave de Vin)');
INSERT INTO company_tag (company_id, tag_id) VALUES (62, 4), (62, 5), (62, 6);
INSERT INTO company_tag (company_id, tag_id) VALUES (62, 28), (62, 29), (62, 30);
INSERT INTO company_tag (company_id, tag_id) VALUES (62, 61), (62, 62), (62, 63);
INSERT INTO company (id) VALUES (63);
INSERT INTO company_name (company_id, language_id, name) VALUES (63, 1, '홈스토리생활');
INSERT INTO company_tag (company_id, tag_id) VALUES (63, 19), (63, 20), (63, 21);
INSERT INTO company_tag (company_id, tag_id) VALUES (63, 58), (63, 59), (63, 60);
INSERT INTO company (id) VALUES (64);
INSERT INTO company_name (company_id, language_id, name) VALUES (64, 1, '아이엠에이치씨(IMHC)');
INSERT INTO company_tag (company_id, tag_id) VALUES (64, 10), (64, 11), (64, 12);
INSERT INTO company_tag (company_id, tag_id) VALUES (64, 88), (64, 89), (64, 90);
INSERT INTO company_tag (company_id, tag_id) VALUES (64, 55), (64, 56), (64, 57);
INSERT INTO company_tag (company_id, tag_id) VALUES (64, 82), (64, 83), (64, 84);
INSERT INTO company (id) VALUES (65);
INSERT INTO company_name (company_id, language_id, name) VALUES (65, 1, '플라이트그래프-탈퇴');
INSERT INTO company_tag (company_id, tag_id) VALUES (65, 88), (65, 89), (65, 90);
INSERT INTO company_tag (company_id, tag_id) VALUES (65, 49), (65, 50), (65, 51);
INSERT INTO company_tag (company_id, tag_id) VALUES (65, 25), (65, 26), (65, 27);
INSERT INTO company (id) VALUES (66);
INSERT INTO company_name (company_id, language_id, name) VALUES (66, 1, 'YG PLUS');
INSERT INTO company_tag (company_id, tag_id) VALUES (66, 1), (66, 2), (66, 3);
INSERT INTO company_tag (company_id, tag_id) VALUES (66, 46), (66, 47), (66, 48);
INSERT INTO company_tag (company_id, tag_id) VALUES (66, 13), (66, 14), (66, 15);
INSERT INTO company (id) VALUES (67);
INSERT INTO company_name (company_id, language_id, name) VALUES (67, 1, '우리말소프트');
INSERT INTO company_tag (company_id, tag_id) VALUES (67, 37), (67, 38), (67, 39);
INSERT INTO company_tag (company_id, tag_id) VALUES (67, 79), (67, 80), (67, 81);
INSERT INTO company_tag (company_id, tag_id) VALUES (67, 70), (67, 71), (67, 72);
INSERT INTO company (id) VALUES (68);
INSERT INTO company_name (company_id, language_id, name) VALUES (68, 1, '아로마티카');
INSERT INTO company_tag (company_id, tag_id) VALUES (68, 85), (68, 86), (68, 87);
INSERT INTO company (id) VALUES (69);
INSERT INTO company_name (company_id, language_id, name) VALUES (69, 2, 'Private Organization');
INSERT INTO company_tag (company_id, tag_id) VALUES (69, 70), (69, 71), (69, 72);
INSERT INTO company (id) VALUES (70);
INSERT INTO company_name (company_id, language_id, name) VALUES (70, 1, '스피링크');
INSERT INTO company_tag (company_id, tag_id) VALUES (70, 55), (70, 56), (70, 57);
INSERT INTO company_tag (company_id, tag_id) VALUES (70, 25), (70, 26), (70, 27);
INSERT INTO company (id) VALUES (71);
INSERT INTO company_name (company_id, language_id, name) VALUES (71, 1, 'Onion Ground');
INSERT INTO company_tag (company_id, tag_id) VALUES (71, 16), (71, 17), (71, 18);
INSERT INTO company_tag (company_id, tag_id) VALUES (71, 4), (71, 5), (71, 6);
INSERT INTO company (id) VALUES (72);
INSERT INTO company_name (company_id, language_id, name) VALUES (72, 1, '브레이브팝스');
INSERT INTO company_tag (company_id, tag_id) VALUES (72, 82), (72, 83), (72, 84);
INSERT INTO company (id) VALUES (73);
INSERT INTO company_name (company_id, language_id, name) VALUES (73, 1, 'Bidalgo');
INSERT INTO company_tag (company_id, tag_id) VALUES (73, 7), (73, 8), (73, 9);
INSERT INTO company_tag (company_id, tag_id) VALUES (73, 37), (73, 38), (73, 39);
INSERT INTO company (id) VALUES (74);
INSERT INTO company_name (company_id, language_id, name) VALUES (74, 1, '티엠씨케이');
INSERT INTO company_tag (company_id, tag_id) VALUES (74, 1), (74, 2), (74, 3);
INSERT INTO company_tag (company_id, tag_id) VALUES (74, 76), (74, 77), (74, 78);
INSERT INTO company_tag (company_id, tag_id) VALUES (74, 55), (74, 56), (74, 57);
INSERT INTO company_tag (company_id, tag_id) VALUES (74, 49), (74, 50), (74, 51);
INSERT INTO company (id) VALUES (75);
INSERT INTO company_name (company_id, language_id, name) VALUES (75, 1, '(주) 휴톰-중복');
INSERT INTO company_tag (company_id, tag_id) VALUES (75, 40), (75, 41), (75, 42);
INSERT INTO company_tag (company_id, tag_id) VALUES (75, 43), (75, 44), (75, 45);
INSERT INTO company (id) VALUES (76);
INSERT INTO company_name (company_id, language_id, name) VALUES (76, 2, 'Chengbao');
INSERT INTO company_tag (company_id, tag_id) VALUES (76, 70), (76, 71), (76, 72);
INSERT INTO company_tag (company_id, tag_id) VALUES (76, 46), (76, 47), (76, 48);
INSERT INTO company_tag (company_id, tag_id) VALUES (76, 55), (76, 56), (76, 57);
INSERT INTO company_tag (company_id, tag_id) VALUES (76, 85), (76, 86), (76, 87);
INSERT INTO company (id) VALUES (77);
INSERT INTO company_name (company_id, language_id, name) VALUES (77, 1, '헬프미');
INSERT INTO company_tag (company_id, tag_id) VALUES (77, 76), (77, 77), (77, 78);
INSERT INTO company_tag (company_id, tag_id) VALUES (77, 31), (77, 32), (77, 33);
INSERT INTO company_tag (company_id, tag_id) VALUES (77, 46), (77, 47), (77, 48);
INSERT INTO company (id) VALUES (78);
INSERT INTO company_name (company_id, language_id, name) VALUES (78, 1, '(주) 새론다이내믹스');
INSERT INTO company_tag (company_id, tag_id) VALUES (78, 43), (78, 44), (78, 45);
INSERT INTO company_tag (company_id, tag_id) VALUES (78, 40), (78, 41), (78, 42);
INSERT INTO company_tag (company_id, tag_id) VALUES (78, 88), (78, 89), (78, 90);
INSERT INTO company_tag (company_id, tag_id) VALUES (78, 85), (78, 86), (78, 87);
INSERT INTO company (id) VALUES (79);
INSERT INTO company_name (company_id, language_id, name) VALUES (79, 1, '마상소프트');
INSERT INTO company_tag (company_id, tag_id) VALUES (79, 34), (79, 35), (79, 36);
INSERT INTO company (id) VALUES (80);
INSERT INTO company_name (company_id, language_id, name) VALUES (80, 1, '(주)아임블록');
INSERT INTO company_tag (company_id, tag_id) VALUES (80, 73), (80, 74), (80, 75);
INSERT INTO company (id) VALUES (81);
INSERT INTO company_name (company_id, language_id, name) VALUES (81, 1, '(주)이모션글로벌-중복');
INSERT INTO company_tag (company_id, tag_id) VALUES (81, 37), (81, 38), (81, 39);
INSERT INTO company_tag (company_id, tag_id) VALUES (81, 61), (81, 62), (81, 63);
INSERT INTO company_tag (company_id, tag_id) VALUES (81, 82), (81, 83), (81, 84);
INSERT INTO company (id) VALUES (82);
INSERT INTO company_name (company_id, language_id, name) VALUES (82, 1, 'Altagram');
INSERT INTO company_tag (company_id, tag_id) VALUES (82, 73), (82, 74), (82, 75);
INSERT INTO company_tag (company_id, tag_id) VALUES (82, 76), (82, 77), (82, 78);
INSERT INTO company (id) VALUES (83);
INSERT INTO company_name (company_id, language_id, name) VALUES (83, 1, '이베스트투자증권');
INSERT INTO company_tag (company_id, tag_id) VALUES (83, 1), (83, 2), (83, 3);
INSERT INTO company_tag (company_id, tag_id) VALUES (83, 58), (83, 59), (83, 60);
INSERT INTO company (id) VALUES (84);
INSERT INTO company_name (company_id, language_id, name) VALUES (84, 1, '소굿마케팅');
INSERT INTO company_tag (company_id, tag_id) VALUES (84, 25), (84, 26), (84, 27);
INSERT INTO company_tag (company_id, tag_id) VALUES (84, 28), (84, 29), (84, 30);
INSERT INTO company_tag (company_id, tag_id) VALUES (84, 13), (84, 14), (84, 15);
INSERT INTO company (id) VALUES (85);
INSERT INTO company_name (company_id, language_id, name) VALUES (85, 2, 'Grab');
INSERT INTO company_tag (company_id, tag_id) VALUES (85, 1), (85, 2), (85, 3);
INSERT INTO company (id) VALUES (86);
INSERT INTO company_name (company_id, language_id, name) VALUES (86, 2, 'HK Yau');
INSERT INTO company_tag (company_id, tag_id) VALUES (86, 88), (86, 89), (86, 90);
INSERT INTO company (id) VALUES (87);
INSERT INTO company_name (company_id, language_id, name) VALUES (87, 1, '더락포트컴퍼니코리아-중복');
INSERT INTO company_tag (company_id, tag_id) VALUES (87, 19), (87, 20), (87, 21);
INSERT INTO company (id) VALUES (88);
INSERT INTO company_name (company_id, language_id, name) VALUES (88, 1, '휴마트컴퍼니');
INSERT INTO company_tag (company_id, tag_id) VALUES (88, 46), (88, 47), (88, 48);
INSERT INTO company_tag (company_id, tag_id) VALUES (88, 85), (88, 86), (88, 87);
INSERT INTO company (id) VALUES (89);
INSERT INTO company_name (company_id, language_id, name) VALUES (89, 1, '디센터');
INSERT INTO company_tag (company_id, tag_id) VALUES (89, 85), (89, 86), (89, 87);
INSERT INTO company_tag (company_id, tag_id) VALUES (89, 19), (89, 20), (89, 21);
INSERT INTO company (id) VALUES (90);
INSERT INTO company_name (company_id, language_id, name) VALUES (90, 1, '컬쳐히어로');
INSERT INTO company_tag (company_id, tag_id) VALUES (90, 31), (90, 32), (90, 33);
INSERT INTO company (id) VALUES (91);
INSERT INTO company_name (company_id, language_id, name) VALUES (91, 1, '보비어스코리아');
INSERT INTO company_tag (company_id, tag_id) VALUES (91, 31), (91, 32), (91, 33);
INSERT INTO company_tag (company_id, tag_id) VALUES (91, 22), (91, 23), (91, 24);
INSERT INTO company_tag (company_id, tag_id) VALUES (91, 7), (91, 8), (91, 9);
INSERT INTO company_tag (company_id, tag_id) VALUES (91, 10), (91, 11), (91, 12);
INSERT INTO company (id) VALUES (92);
INSERT INTO company_name (company_id, language_id, name) VALUES (92, 1, '베이글랩스');
INSERT INTO company_tag (company_id, tag_id) VALUES (92, 22), (92, 23), (92, 24);
INSERT INTO company_tag (company_id, tag_id) VALUES (92, 52), (92, 53), (92, 54);
INSERT INTO company_tag (company_id, tag_id) VALUES (92, 46), (92, 47), (92, 48);
INSERT INTO company (id) VALUES (93);
INSERT INTO company_name (company_id, language_id, name) VALUES (93, 2, 'Katalis Digital');
INSERT INTO company_tag (company_id, tag_id) VALUES (93, 4), (93, 5), (93, 6);
INSERT INTO company_tag (company_id, tag_id) VALUES (93, 46), (93, 47), (93, 48);
INSERT INTO company_tag (company_id, tag_id) VALUES (93, 16), (93, 17), (93, 18);
INSERT INTO company_tag (company_id, tag_id) VALUES (93, 52), (93, 53), (93, 54);
INSERT INTO company (id) VALUES (94);
INSERT INTO company_name (company_id, language_id, name) VALUES (94, 1, '애디터(Additor)');
INSERT INTO company_tag (company_id, tag_id) VALUES (94, 31), (94, 32), (94, 33);
INSERT INTO company_tag (company_id, tag_id) VALUES (94, 4), (94, 5), (94, 6);
INSERT INTO company (id) VALUES (95);
INSERT INTO company_name (company_id, language_id, name) VALUES (95, 2, 'Avanade Asia Pte Ltd');
INSERT INTO company_tag (company_id, tag_id) VALUES (95, 22), (95, 23), (95, 24);
INSERT INTO company_tag (company_id, tag_id) VALUES (95, 85), (95, 86), (95, 87);
INSERT INTO company_tag (company_id, tag_id) VALUES (95, 43), (95, 44), (95, 45);
INSERT INTO company_tag (company_id, tag_id) VALUES (95, 31), (95, 32), (95, 33);
INSERT INTO company (id) VALUES (96);
INSERT INTO company_name (company_id, language_id, name) VALUES (96, 1, '500V2');
INSERT INTO company_tag (company_id, tag_id) VALUES (96, 31), (96, 32), (96, 33);
INSERT INTO company_tag (company_id, tag_id) VALUES (96, 79), (96, 80), (96, 81);
INSERT INTO company (id) VALUES (97);
INSERT INTO company_name (company_id, language_id, name) VALUES (97, 1, '플라이앤컴퍼니(푸드플라이)');
INSERT INTO company_tag (company_id, tag_id) VALUES (97, 85), (97, 86), (97, 87);
INSERT INTO company (id) VALUES (98);
INSERT INTO company_name (company_id, language_id, name) VALUES (98, 1, '영우디지탈-중복');
INSERT INTO company_tag (company_id, tag_id) VALUES (98, 40), (98, 41), (98, 42);
INSERT INTO company_tag (company_id, tag_id) VALUES (98, 43), (98, 44), (98, 45);
INSERT INTO company_tag (company_id, tag_id) VALUES (98, 19), (98, 20), (98, 21);
INSERT INTO company_tag (company_id, tag_id) VALUES (98, 31), (98, 32), (98, 33);
INSERT INTO company (id) VALUES (99);
INSERT INTO company_name (company_id, language_id, name) VALUES (99, 2, 'Machipopo Inc.');
INSERT INTO company_tag (company_id, tag_id) VALUES (99, 55), (99, 56), (99, 57);
INSERT INTO company_tag (company_id, tag_id) VALUES (99, 28), (99, 29), (99, 30);
INSERT INTO company_tag (company_id, tag_id) VALUES (99, 10), (99, 11), (99, 12);
INSERT INTO company_tag (company_id, tag_id) VALUES (99, 58), (99, 59), (99, 60);
INSERT INTO company (id) VALUES (100);
INSERT INTO company_name (company_id, language_id, name) VALUES (100, 1, '시니어벤처스');
INSERT INTO company_tag (company_id, tag_id) VALUES (100, 58), (100, 59), (100, 60);
INSERT INTO company_tag (company_id, tag_id) VALUES (100, 61), (100, 62), (100, 63);
INSERT INTO company_tag (company_id, tag_id) VALUES (100, 16), (100, 17), (100, 18);
